person_id,first,last,full_name,email,phone,org_id,city,country,since,note
P0001,Matt,Navarre,Matt Navarre,matt.navarre@example.com,+11 629 773 9565,O0040,Athens,Greece,2019-03-04,primary
P0002,Ματίας,Ναβάρ,Ματίας Ναβάρ,user.user@example.com,+34 409 785 6147,O0021,Austin,USA,2026-05-05,Greek form of Matt Navarre
P0003,Метт,Навар,Метт Навар,user.user@example.com,+34 605 234 5915,O0016,Berlin,Germany,2019-01-01,Ukrainian form of Matt Navarre
P0004,Robert,Whitfield,Robert Whitfield,robert.whitfield@example.com,+41 969 174 1152,O0030,Lyon,France,2026-03-04,formal; search 'Bob Whitfield' should find
P0005,Margaret,Halloran,Margaret Halloran,margaret.halloran@example.com,+80 776 202 2200,O0030,Lyon,France,2018-10-31,formal; search 'Peg Halloran' should find
P0006,Darren,Umbridge,Darren Umbridge,darren.umbridge@example.com,+28 718 371 3170,O0035,Athens,Greece,2026-01-01,typo target; search 'Daren Umbrige' should find
P0007,Siobhan,Murphy,Siobhan Murphy,siobhan.murphy@example.com,+45 270 350 7054,O0060,Athens,Greece,2018-08-30,phonetic; search 'Shavon Murphy' should find
P0008,Olena,Garcia,Olena Garcia,olena.garcia8@example.com,+70 920 409 9666,O0029,Chania,Greece,2025-10-31,
P0009,James,Navarre,James Navarre,james.navarre9@example.com,+71 506 779 2697,O0053,Heraklion,Greece,2018-06-29,
P0010,David,Papadopoulos,David Papadopoulos,david.papadopoulos10@example.com,+14 960 666 3546,O0008,Portland,USA,2025-08-30,
P0011,Nikos,Nikolaidis,Nikos Nikolaidis,nikos.nikolaidis11@example.com,+27 934 451 4335,O0039,Lyon,France,2018-04-28,
P0012,Anastasia,Bianchi,Anastasia Bianchi,anastasia.bianchi12@example.com,+33 252 194 7939,O0032,Athens,Greece,2025-06-29,
P0013,Nikos,Johnson,Nikos Johnson,nikos.johnson13@example.com,+43 989 233 5291,O0001,Rome,Italy,2018-02-25,
P0014,Maria,Müller,Maria Müller,maria.mller14@example.com,+71 922 537 1158,O0029,Chania,Greece,2025-04-28,
P0015,Linda,Williams,Linda Williams,linda.williams15@example.com,+89 352 658 1590,O0057,Rethymno,Greece,2017-12-25,
P0016,Mei,Lindqvist,Mei Lindqvist,mei.lindqvist16@example.com,+19 640 230 1685,O0036,Toronto,Canada,2025-02-25,
P0017,Taras,Georgiou,Taras Georgiou,taras.georgiou17@example.com,+6 566 315 5088,O0058,Rethymno,Greece,2017-10-24,
P0018,Michael,Georgiou,Michael Georgiou,michael.georgiou18@example.com,+72 616 735 3532,O0050,Athens,Greece,2024-12-25,
P0019,Kostas,Garcia,Kostas Garcia,kostas.garcia19@example.com,+23 622 125 3938,O0052,Rome,Italy,2017-08-23,
P0020,Fatima,Silva,Fatima Silva,fatima.silva20@example.com,+53 885 984 5065,O0060,Athens,Greece,2024-10-24,
P0021,Nikos,Garcia,Nikos Garcia,nikos.garcia21@example.com,+90 310 491 1634,O0051,Portland,USA,2017-06-22,
P0022,Chloe,Davis,Chloe Davis,chloe.davis22@example.com,+59 558 412 4728,O0013,Berlin,Germany,2024-08-23,
P0023,Sofia,Smith,Sofia Smith,sofia.smith23@example.com,+25 608 436 5564,O0043,Berlin,Germany,2017-04-21,
P0024,John,Costa,John Costa,john.costa24@example.com,+45 856 621 7548,O0018,London,UK,2024-06-22,
P0025,Fatima,Smith,Fatima Smith,fatima.smith25@example.com,+34 382 694 5349,O0008,Portland,USA,2017-02-18,
P0026,Robert,Brown,Robert Brown,robert.brown26@example.com,+56 553 846 6139,O0039,Lyon,France,2024-04-21,
P0027,Astrid,Dubois,Astrid Dubois,astrid.dubois27@example.com,+15 594 690 4114,O0033,Lisbon,Portugal,2016-12-18,
P0028,Anastasia,Johnson,Anastasia Johnson,anastasia.johnson28@example.com,+56 201 632 9821,O0046,Kyiv,Ukraine,2024-02-19,
P0029,Eleni,Georgiou,Eleni Georgiou,eleni.georgiou29@example.com,+9 880 438 6143,O0028,Berlin,Germany,2016-10-17,
P0030,Linda,Müller,Linda Müller,linda.mller30@example.com,+39 719 416 7691,O0058,Rethymno,Greece,2023-12-19,
P0031,Ahmed,Petrov,Ahmed Petrov,ahmed.petrov31@example.com,+38 767 230 4143,O0045,Lisbon,Portugal,2016-08-16,
P0032,Sven,Navarre,Sven Navarre,sven.navarre32@example.com,+87 966 278 5930,O0025,Toronto,Canada,2023-10-18,
P0033,Priya,Andersson,Priya Andersson,priya.andersson33@example.com,+1 511 393 4443,O0054,Portland,USA,2016-06-15,
P0034,Astrid,Silva,Astrid Silva,astrid.silva34@example.com,+78 870 429 8618,O0038,Athens,Greece,2023-08-17,
P0035,Giulia,Kovalenko,Giulia Kovalenko,giulia.kovalenko35@example.com,+28 723 584 3780,O0044,Rome,Italy,2016-04-14,
P0036,Jennifer,Nikolaidis,Jennifer Nikolaidis,jennifer.nikolaidis36@example.com,+85 848 734 6491,O0033,Lisbon,Portugal,2023-06-16,
P0037,Jennifer,Costa,Jennifer Costa,jennifer.costa37@example.com,+87 517 330 4262,O0016,Berlin,Germany,2016-02-12,
P0038,Elizabeth,Smith,Elizabeth Smith,elizabeth.smith38@example.com,+32 686 725 2193,O0003,Portland,USA,2023-04-15,
P0039,Marco,Shevchenko,Marco Shevchenko,marco.shevchenko39@example.com,+81 789 299 7291,O0057,Rethymno,Greece,2015-12-12,
P0040,Mathieu,Petrov,Mathieu Petrov,mathieu.petrov40@example.com,+19 871 804 1090,O0016,Berlin,Germany,2023-02-12,
P0041,Michael,Costa,Michael Costa,michael.costa41@example.com,+29 380 923 9486,O0028,Berlin,Germany,2015-10-11,
P0042,Marco,Johnson,Marco Johnson,marco.johnson42@example.com,+32 324 567 3184,O0036,Toronto,Canada,2022-12-12,
P0043,Marco,Navarre,Marco Navarre,marco.navarre43@example.com,+72 809 424 8251,O0034,Chania,Greece,2015-08-10,
P0044,Astrid,Andersson,Astrid Andersson,astrid.andersson44@example.com,+21 961 982 8777,O0029,Chania,Greece,2022-10-11,
P0045,Giulia,Papadopoulos,Giulia Papadopoulos,giulia.papadopoulos45@example.com,+32 852 383 9540,O0049,Chania,Greece,2015-06-09,
P0046,Mathieu,Moreau,Mathieu Moreau,mathieu.moreau46@example.com,+36 650 179 5681,O0016,Berlin,Germany,2022-08-10,
P0047,Kostas,Papadopoulos,Kostas Papadopoulos,kostas.papadopoulos47@example.com,+41 753 182 3267,O0022,Seattle,USA,2015-04-08,
P0048,Elizabeth,Davis,Elizabeth Davis,elizabeth.davis48@example.com,+89 356 823 4505,O0025,Toronto,Canada,2022-06-09,
P0049,John,Shevchenko,John Shevchenko,john.shevchenko49@example.com,+43 755 577 7812,O0027,Austin,USA,2015-02-05,
P0050,Patricia,Miller,Patricia Miller,patricia.miller50@example.com,+54 598 888 1320,O0054,Portland,USA,2022-04-08,
P0051,Raj,Rossi,Raj Rossi,raj.rossi51@example.com,+46 505 871 7389,O0001,Rome,Italy,2014-12-05,
P0052,Sven,Andersson,Sven Andersson,sven.andersson52@example.com,+95 759 919 4613,O0048,Berlin,Germany,2022-02-05,
P0053,Mathieu,Davis,Mathieu Davis,mathieu.davis53@example.com,+56 697 129 7371,O0018,London,UK,2014-10-04,
P0054,Fatima,Navarre,Fatima Navarre,fatima.navarre54@example.com,+52 941 269 8657,O0044,Rome,Italy,2021-12-05,
P0055,David,Dubois,David Dubois,david.dubois55@example.com,+4 603 706 1444,O0035,Athens,Greece,2014-08-03,
P0056,Jennifer,Moreau,Jennifer Moreau,jennifer.moreau56@example.com,+18 672 286 1823,O0028,Berlin,Germany,2021-10-04,
P0057,Anastasia,Petrov,Anastasia Petrov,anastasia.petrov57@example.com,+28 665 434 6529,O0021,Austin,USA,2014-06-02,
P0058,Raj,Papadopoulos,Raj Papadopoulos,raj.papadopoulos58@example.com,+54 458 954 2341,O0049,Chania,Greece,2021-08-03,
P0059,Chloe,Smith,Chloe Smith,chloe.smith59@example.com,+70 253 458 4673,O0048,Berlin,Germany,2014-04-01,
P0060,John,Costa,John Costa,john.costa60@example.com,+6 972 131 5051,O0042,Lyon,France,2021-06-02,
P0061,Eleni,Smith,Eleni Smith,eleni.smith61@example.com,+20 444 229 8758,O0040,Athens,Greece,2014-01-29,
P0062,Linda,Lindqvist,Linda Lindqvist,linda.lindqvist62@example.com,+60 916 362 7043,O0014,Chania,Greece,2021-04-01,
P0063,Maria,Dubois,Maria Dubois,maria.dubois63@example.com,+96 935 217 3683,O0039,Lyon,France,2013-11-28,
P0064,Taras,Brown,Taras Brown,taras.brown64@example.com,+4 519 689 7149,O0038,Athens,Greece,2021-01-29,
P0065,Priya,Schmidt,Priya Schmidt,priya.schmidt65@example.com,+10 806 807 4978,O0013,Berlin,Germany,2013-09-27,
P0066,Michael,Schmidt,Michael Schmidt,michael.schmidt66@example.com,+39 900 714 2983,O0050,Athens,Greece,2020-11-28,
P0067,Robert,Georgiou,Robert Georgiou,robert.georgiou67@example.com,+55 877 479 2129,O0035,Athens,Greece,2013-07-27,
P0068,Fatima,Smith,Fatima Smith,fatima.smith68@example.com,+54 701 208 8102,O0055,Heraklion,Greece,2020-09-27,
P0069,Mei,Moreau,Mei Moreau,mei.moreau69@example.com,+59 924 256 8135,O0058,Rethymno,Greece,2013-05-26,
P0070,Yannis,Müller,Yannis Müller,yannis.mller70@example.com,+84 476 730 9817,O0034,Chania,Greece,2020-07-27,
P0071,Chloe,Kovalenko,Chloe Kovalenko,chloe.kovalenko71@example.com,+94 806 374 6280,O0028,Berlin,Germany,2013-03-25,
P0072,Kostas,Williams,Kostas Williams,kostas.williams72@example.com,+58 449 868 8613,O0018,London,UK,2020-05-26,
P0073,Raj,Vasilakis,Raj Vasilakis,raj.vasilakis73@example.com,+64 532 286 8988,O0002,Rethymno,Greece,2013-01-22,
P0074,Dimitris,Georgiou,Dimitris Georgiou,dimitris.georgiou74@example.com,+34 548 386 5526,O0052,Rome,Italy,2020-03-25,
P0075,James,Bianchi,James Bianchi,james.bianchi75@example.com,+11 447 837 7658,O0013,Berlin,Germany,2012-11-21,
P0076,Mathieu,Andersson,Mathieu Andersson,mathieu.andersson76@example.com,+31 907 587 9041,O0049,Chania,Greece,2020-01-23,
P0077,Giulia,Silva,Giulia Silva,giulia.silva77@example.com,+12 501 326 7625,O0002,Rethymno,Greece,2012-09-20,
P0078,Kostas,Nikolaidis,Kostas Nikolaidis,kostas.nikolaidis78@example.com,+75 577 584 9698,O0043,Berlin,Germany,2019-11-22,
P0079,Wei,Shevchenko,Wei Shevchenko,wei.shevchenko79@example.com,+71 538 460 8434,O0048,Berlin,Germany,2012-07-20,
P0080,Nikos,Nikolaidis,Nikos Nikolaidis,nikos.nikolaidis80@example.com,+30 323 838 4155,O0017,Rome,Italy,2019-09-21,
P0081,Ahmed,Brown,Ahmed Brown,ahmed.brown81@example.com,+69 980 806 4033,O0048,Berlin,Germany,2012-05-19,
P0082,Eleni,Miller,Eleni Miller,eleni.miller82@example.com,+62 483 841 9595,O0048,Berlin,Germany,2019-07-21,
P0083,Olena,Brown,Olena Brown,olena.brown83@example.com,+25 503 332 6912,O0054,Portland,USA,2012-03-18,
P0084,Yannis,Nikolaidis,Yannis Nikolaidis,yannis.nikolaidis84@example.com,+91 746 229 5494,O0001,Rome,Italy,2019-05-20,
P0085,Robert,Johnson,Robert Johnson,robert.johnson85@example.com,+38 914 229 9042,O0036,Toronto,Canada,2012-01-16,
P0086,Michael,Smith,Michael Smith,michael.smith86@example.com,+37 680 590 8216,O0037,Rome,Italy,2019-03-19,
P0087,Fatima,Garcia,Fatima Garcia,fatima.garcia87@example.com,+33 689 216 2070,O0004,Lyon,France,2026-05-20,
P0088,Priya,Rossi,Priya Rossi,priya.rossi88@example.com,+74 844 802 1878,O0005,Rethymno,Greece,2019-01-16,
P0089,Elizabeth,Jones,Elizabeth Jones,elizabeth.jones89@example.com,+73 511 187 5066,O0052,Rome,Italy,2026-03-19,
P0090,Linda,Andersson,Linda Andersson,linda.andersson90@example.com,+54 820 710 4697,O0049,Chania,Greece,2018-11-15,
P0091,Raj,Kovalenko,Raj Kovalenko,raj.kovalenko91@example.com,+57 504 980 8025,O0059,Chania,Greece,2026-01-16,
P0092,Taras,Lindqvist,Taras Lindqvist,taras.lindqvist92@example.com,+8 824 857 2625,O0040,Athens,Greece,2018-09-14,
P0093,Dimitris,Moreau,Dimitris Moreau,dimitris.moreau93@example.com,+34 876 183 3573,O0014,Chania,Greece,2025-11-15,
P0094,Kostas,Garcia,Kostas Garcia,kostas.garcia94@example.com,+10 360 102 7693,O0036,Toronto,Canada,2018-07-14,
P0095,Giulia,Schmidt,Giulia Schmidt,giulia.schmidt95@example.com,+61 498 133 4792,O0039,Lyon,France,2025-09-14,
P0096,Olena,Schmidt,Olena Schmidt,olena.schmidt96@example.com,+90 664 172 4824,O0019,Portland,USA,2018-05-13,
P0097,Anastasia,Silva,Anastasia Silva,anastasia.silva97@example.com,+81 803 777 4241,O0051,Portland,USA,2025-07-14,
P0098,Astrid,Brown,Astrid Brown,astrid.brown98@example.com,+29 863 252 5352,O0035,Athens,Greece,2018-03-12,
P0099,Elizabeth,Williams,Elizabeth Williams,elizabeth.williams99@example.com,+22 514 709 5728,O0004,Lyon,France,2025-05-13,
P0100,Giulia,Brown,Giulia Brown,giulia.brown100@example.com,+89 511 816 7594,O0030,Lyon,France,2018-01-09,
P0101,Nikos,Bianchi,Nikos Bianchi,nikos.bianchi101@example.com,+64 648 182 1653,O0035,Athens,Greece,2025-03-12,
P0102,Astrid,Müller,Astrid Müller,astrid.mller102@example.com,+78 456 126 2496,O0021,Austin,USA,2017-11-08,
P0103,Sofia,Navarre,Sofia Navarre,sofia.navarre103@example.com,+74 801 121 5415,O0054,Portland,USA,2025-01-09,
P0104,Robert,Costa,Robert Costa,robert.costa104@example.com,+23 681 631 8245,O0049,Chania,Greece,2017-09-07,
P0105,Nikos,Garcia,Nikos Garcia,nikos.garcia105@example.com,+56 850 933 9056,O0038,Athens,Greece,2024-11-08,
P0106,Jennifer,Rossi,Jennifer Rossi,jennifer.rossi106@example.com,+53 541 428 2713,O0023,Heraklion,Greece,2017-07-07,
P0107,Maria,Vasilakis,Maria Vasilakis,maria.vasilakis107@example.com,+89 707 395 7561,O0027,Austin,USA,2024-09-07,
P0108,Robert,Kovalenko,Robert Kovalenko,robert.kovalenko108@example.com,+41 458 431 2899,O0006,Stockholm,Sweden,2017-05-06,
P0109,Priya,Bianchi,Priya Bianchi,priya.bianchi109@example.com,+1 873 990 9889,O0053,Heraklion,Greece,2024-07-07,
P0110,Marco,Shevchenko,Marco Shevchenko,marco.shevchenko110@example.com,+25 730 470 9167,O0004,Lyon,France,2017-03-05,
P0111,Giulia,Costa,Giulia Costa,giulia.costa111@example.com,+27 473 662 3146,O0004,Lyon,France,2024-05-06,
P0112,Olena,Kovalenko,Olena Kovalenko,olena.kovalenko112@example.com,+90 696 224 1472,O0057,Rethymno,Greece,2017-01-02,
P0113,Kostas,Schmidt,Kostas Schmidt,kostas.schmidt113@example.com,+40 764 114 7684,O0011,Portland,USA,2024-03-05,
P0114,Jennifer,Davis,Jennifer Davis,jennifer.davis114@example.com,+15 672 220 3522,O0054,Portland,USA,2016-11-01,
P0115,Mathieu,Schmidt,Mathieu Schmidt,mathieu.schmidt115@example.com,+66 922 379 7807,O0019,Portland,USA,2024-01-03,
P0116,Chloe,Rossi,Chloe Rossi,chloe.rossi116@example.com,+59 764 248 7284,O0016,Berlin,Germany,2016-08-31,
P0117,Eleni,Dubois,Eleni Dubois,eleni.dubois117@example.com,+96 339 984 2143,O0033,Lisbon,Portugal,2023-11-02,
P0118,Nikos,Costa,Nikos Costa,nikos.costa118@example.com,+54 548 906 9318,O0051,Portland,USA,2016-06-30,
P0119,Nikos,Smith,Nikos Smith,nikos.smith119@example.com,+93 505 957 9022,O0019,Portland,USA,2023-09-01,
P0120,Elizabeth,Kovalenko,Elizabeth Kovalenko,elizabeth.kovalenko120@example.com,+62 553 440 9903,O0035,Athens,Greece,2016-04-29,
P0121,Raj,Kovalenko,Raj Kovalenko,raj.kovalenko121@example.com,+42 393 814 4912,O0060,Athens,Greece,2023-07-01,
P0122,Raj,Davis,Raj Davis,raj.davis122@example.com,+53 244 425 8749,O0055,Heraklion,Greece,2016-02-27,
P0123,Raj,Petrov,Raj Petrov,raj.petrov123@example.com,+84 355 607 1606,O0043,Berlin,Germany,2023-04-30,
P0124,David,Bianchi,David Bianchi,david.bianchi124@example.com,+43 302 995 8213,O0038,Athens,Greece,2015-12-27,
P0125,Michael,Bianchi,Michael Bianchi,michael.bianchi125@example.com,+59 215 839 3361,O0059,Chania,Greece,2023-02-27,
P0126,Sven,Moreau,Sven Moreau,sven.moreau126@example.com,+10 680 900 5342,O0010,Chania,Greece,2015-10-26,
P0127,Fatima,Dubois,Fatima Dubois,fatima.dubois127@example.com,+51 865 182 6383,O0045,Lisbon,Portugal,2022-12-27,
P0128,Raj,Vasilakis,Raj Vasilakis,raj.vasilakis128@example.com,+92 977 599 9864,O0041,London,UK,2015-08-25,
P0129,Robert,Dubois,Robert Dubois,robert.dubois129@example.com,+31 846 800 5708,O0005,Rethymno,Greece,2022-10-26,
P0130,Sofia,Müller,Sofia Müller,sofia.mller130@example.com,+56 300 878 2646,O0006,Stockholm,Sweden,2015-06-24,
P0131,Giulia,Garcia,Giulia Garcia,giulia.garcia131@example.com,+39 229 147 6314,O0045,Lisbon,Portugal,2022-08-25,
P0132,Patricia,Nikolaidis,Patricia Nikolaidis,patricia.nikolaidis132@example.com,+48 641 249 5000,O0023,Heraklion,Greece,2015-04-23,
P0133,Sven,Lindqvist,Sven Lindqvist,sven.lindqvist133@example.com,+24 374 279 2293,O0044,Rome,Italy,2022-06-24,
P0134,Raj,Dubois,Raj Dubois,raj.dubois134@example.com,+31 709 697 3344,O0044,Rome,Italy,2015-02-20,
P0135,Sofia,Kovalenko,Sofia Kovalenko,sofia.kovalenko135@example.com,+33 670 361 1153,O0041,London,UK,2022-04-23,
P0136,Marco,Nikolaidis,Marco Nikolaidis,marco.nikolaidis136@example.com,+70 361 175 8237,O0044,Rome,Italy,2014-12-20,
P0137,Wei,Lindqvist,Wei Lindqvist,wei.lindqvist137@example.com,+82 634 806 5097,O0020,Berlin,Germany,2022-02-20,
P0138,Marco,Nikolaidis,Marco Nikolaidis,marco.nikolaidis138@example.com,+50 694 209 4886,O0013,Berlin,Germany,2014-10-19,
P0139,Raj,Lindqvist,Raj Lindqvist,raj.lindqvist139@example.com,+74 502 816 5837,O0023,Heraklion,Greece,2021-12-20,
P0140,Mary,Navarre,Mary Navarre,mary.navarre140@example.com,+36 208 679 1803,O0026,Heraklion,Greece,2014-08-18,
P0141,Mathieu,Nikolaidis,Mathieu Nikolaidis,mathieu.nikolaidis141@example.com,+30 821 921 6772,O0050,Athens,Greece,2021-10-19,
P0142,Sofia,Moreau,Sofia Moreau,sofia.moreau142@example.com,+80 456 794 3240,O0013,Berlin,Germany,2014-06-17,
P0143,Michael,Moreau,Michael Moreau,michael.moreau143@example.com,+6 516 907 8222,O0042,Lyon,France,2021-08-18,
P0144,Robert,Lindqvist,Robert Lindqvist,robert.lindqvist144@example.com,+94 334 192 5835,O0024,London,UK,2014-04-16,
P0145,Ahmed,Müller,Ahmed Müller,ahmed.mller145@example.com,+23 405 235 9837,O0027,Austin,USA,2021-06-17,
P0146,Mei,Bianchi,Mei Bianchi,mei.bianchi146@example.com,+35 368 363 8894,O0033,Lisbon,Portugal,2014-02-13,
P0147,Olena,Müller,Olena Müller,olena.mller147@example.com,+44 317 579 2233,O0056,Lyon,France,2021-04-16,
P0148,Elizabeth,Costa,Elizabeth Costa,elizabeth.costa148@example.com,+87 941 790 7511,O0015,Berlin,Germany,2013-12-13,
P0149,Mei,Williams,Mei Williams,mei.williams149@example.com,+51 214 370 9791,O0051,Portland,USA,2021-02-13,
P0150,Linda,Kovalenko,Linda Kovalenko,linda.kovalenko150@example.com,+87 966 788 5295,O0024,London,UK,2013-10-12,
P0151,Raj,Moreau,Raj Moreau,raj.moreau151@example.com,+14 891 339 8724,O0024,London,UK,2020-12-13,
P0152,Mary,Dubois,Mary Dubois,mary.dubois152@example.com,+72 535 724 4626,O0057,Rethymno,Greece,2013-08-11,
P0153,John,Moreau,John Moreau,john.moreau153@example.com,+60 917 409 7689,O0053,Heraklion,Greece,2020-10-12,
P0154,Linda,Jones,Linda Jones,linda.jones154@example.com,+5 511 604 2902,O0003,Portland,USA,2013-06-10,
P0155,Michael,Davis,Michael Davis,michael.davis155@example.com,+69 338 497 8432,O0057,Rethymno,Greece,2020-08-11,
P0156,Mei,Navarre,Mei Navarre,mei.navarre156@example.com,+90 753 529 3531,O0048,Berlin,Germany,2013-04-09,
P0157,Sven,Moreau,Sven Moreau,sven.moreau157@example.com,+63 830 517 5583,O0007,Lyon,France,2020-06-10,
P0158,Robert,Schmidt,Robert Schmidt,robert.schmidt158@example.com,+28 654 555 4868,O0024,London,UK,2013-02-06,
P0159,Mei,Brown,Mei Brown,mei.brown159@example.com,+48 757 760 6876,O0044,Rome,Italy,2020-04-09,
P0160,Patricia,Petrov,Patricia Petrov,patricia.petrov160@example.com,+25 325 968 8450,O0018,London,UK,2012-12-06,
P0161,Jennifer,Navarre,Jennifer Navarre,jennifer.navarre161@example.com,+83 854 711 1349,O0014,Chania,Greece,2020-02-07,
P0162,Patricia,Silva,Patricia Silva,patricia.silva162@example.com,+32 328 905 4362,O0022,Seattle,USA,2012-10-05,
P0163,John,Costa,John Costa,john.costa163@example.com,+27 800 321 4817,O0036,Toronto,Canada,2019-12-07,
P0164,Fatima,Costa,Fatima Costa,fatima.costa164@example.com,+77 202 383 3370,O0010,Chania,Greece,2012-08-04,
P0165,David,Andersson,David Andersson,david.andersson165@example.com,+23 312 776 1422,O0017,Rome,Italy,2019-10-06,
P0166,David,Smith,David Smith,david.smith166@example.com,+31 802 431 1258,O0023,Heraklion,Greece,2012-06-03,
P0167,Yannis,Papadopoulos,Yannis Papadopoulos,yannis.papadopoulos167@example.com,+17 959 531 9619,O0004,Lyon,France,2019-08-05,
P0168,Linda,Müller,Linda Müller,linda.mller168@example.com,+61 659 896 6931,O0005,Rethymno,Greece,2012-04-02,
P0169,Michael,Kovalenko,Michael Kovalenko,michael.kovalenko169@example.com,+29 829 144 9543,O0033,Lisbon,Portugal,2019-06-04,
P0170,Taras,Kovalenko,Taras Kovalenko,taras.kovalenko170@example.com,+4 262 590 7580,O0042,Lyon,France,2012-01-31,
P0171,Astrid,Navarre,Astrid Navarre,astrid.navarre171@example.com,+63 929 554 2204,O0007,Lyon,France,2019-04-03,
P0172,Jennifer,Vasilakis,Jennifer Vasilakis,jennifer.vasilakis172@example.com,+19 267 229 5505,O0039,Lyon,France,2026-06-04,
P0173,Ahmed,Petrov,Ahmed Petrov,ahmed.petrov173@example.com,+68 501 564 9282,O0039,Lyon,France,2019-01-31,
P0174,Astrid,Brown,Astrid Brown,astrid.brown174@example.com,+90 317 973 4522,O0051,Portland,USA,2026-04-03,
P0175,Astrid,Kovalenko,Astrid Kovalenko,astrid.kovalenko175@example.com,+30 623 447 8430,O0057,Rethymno,Greece,2018-11-30,
P0176,Priya,Shevchenko,Priya Shevchenko,priya.shevchenko176@example.com,+13 520 537 6120,O0047,Rome,Italy,2026-01-31,
P0177,Anastasia,Georgiou,Anastasia Georgiou,anastasia.georgiou177@example.com,+88 685 168 2494,O0010,Chania,Greece,2018-09-29,
P0178,Jennifer,Williams,Jennifer Williams,jennifer.williams178@example.com,+13 962 856 7105,O0028,Berlin,Germany,2025-11-30,
P0179,David,Andersson,David Andersson,david.andersson179@example.com,+76 775 675 6400,O0004,Lyon,France,2018-07-29,
P0180,Linda,Shevchenko,Linda Shevchenko,linda.shevchenko180@example.com,+86 968 533 1842,O0023,Heraklion,Greece,2025-09-29,
P0181,Olena,Dubois,Olena Dubois,olena.dubois181@example.com,+46 306 691 9313,O0020,Berlin,Germany,2018-05-28,
P0182,Dimitris,Jones,Dimitris Jones,dimitris.jones182@example.com,+62 429 967 2773,O0043,Berlin,Germany,2025-07-29,
P0183,Wei,Andersson,Wei Andersson,wei.andersson183@example.com,+15 980 385 4705,O0024,London,UK,2018-03-27,
P0184,Astrid,Andersson,Astrid Andersson,astrid.andersson184@example.com,+80 828 791 1430,O0050,Athens,Greece,2025-05-28,
P0185,Nikos,Smith,Nikos Smith,nikos.smith185@example.com,+35 919 880 6062,O0012,Chania,Greece,2018-01-24,
P0186,Fatima,Georgiou,Fatima Georgiou,fatima.georgiou186@example.com,+24 346 679 7566,O0001,Rome,Italy,2025-03-27,
P0187,John,Jones,John Jones,john.jones187@example.com,+82 231 193 9691,O0048,Berlin,Germany,2017-11-23,
P0188,Dimitris,Petrov,Dimitris Petrov,dimitris.petrov188@example.com,+59 549 261 7062,O0027,Austin,USA,2025-01-24,
P0189,Taras,Müller,Taras Müller,taras.mller189@example.com,+73 810 186 1861,O0021,Austin,USA,2017-09-22,
P0190,Elizabeth,Garcia,Elizabeth Garcia,elizabeth.garcia190@example.com,+80 250 790 2336,O0049,Chania,Greece,2024-11-23,
P0191,Nikos,Kovalenko,Nikos Kovalenko,nikos.kovalenko191@example.com,+55 697 721 8242,O0043,Berlin,Germany,2017-07-22,
P0192,Sven,Papadopoulos,Sven Papadopoulos,sven.papadopoulos192@example.com,+97 724 216 6655,O0014,Chania,Greece,2024-09-22,
P0193,Astrid,Brown,Astrid Brown,astrid.brown193@example.com,+87 894 707 8972,O0019,Portland,USA,2017-05-21,
P0194,Taras,Johnson,Taras Johnson,taras.johnson194@example.com,+51 813 156 1125,O0015,Berlin,Germany,2024-07-22,
P0195,Dimitris,Nikolaidis,Dimitris Nikolaidis,dimitris.nikolaidis195@example.com,+99 340 882 5186,O0014,Chania,Greece,2017-03-20,
P0196,Olena,Vasilakis,Olena Vasilakis,olena.vasilakis196@example.com,+1 709 864 8055,O0008,Portland,USA,2024-05-21,
P0197,Yannis,Jones,Yannis Jones,yannis.jones197@example.com,+69 920 335 9196,O0025,Toronto,Canada,2017-01-17,
P0198,Wei,Williams,Wei Williams,wei.williams198@example.com,+95 243 546 1307,O0026,Heraklion,Greece,2024-03-20,
P0199,Marco,Williams,Marco Williams,marco.williams199@example.com,+41 789 539 7626,O0056,Lyon,France,2016-11-16,
P0200,Sven,Nikolaidis,Sven Nikolaidis,sven.nikolaidis200@example.com,+52 221 432 3815,O0008,Portland,USA,2024-01-18,
